Age,Gender,OwnHome,Married,Location,Salary,Children,RepeatOrder,AmountSpent
Old,Female,Own,Single,Far,47500,0,High,755
Middle,Male,Rent,Single,Close,63600,0,High,1318
Young,Female,Rent,Single,Close,13500,0,Low,296
Middle,Male,Own,Married,Close,85600,1,High,2436
Middle,Female,Own,Single,Close,68400,0,High,1304
Young,Male,Own,Married,Close,30400,0,Low,495
Middle,Female,Rent,Single,Close,48100,0,Medium,782
Middle,Male,Own,Single,Close,68400,0,High,1155
Middle,Female,Own,Married,Close,51900,3,Low,158
Old,Male,Own,Married,Far,80700,0,NA,3034
Young,Male,Rent,Married,Close,43700,1,NA,927
Middle,Male,Own,Married,Far,111800,3,High,2065
Middle,Female,Own,Married,Close,44100,1,Medium,704
Middle,Male,Own,Married,Close,111400,0,High,2136
Old,Female,Own,Married,Far,110000,0,High,5564
Middle,Female,Own,Married,Far,83100,1,NA,2766
Old,Female,Own,Married,Close,82800,0,High,3010
Middle,Male,Own,Married,Close,90100,0,High,1956
Middle,Male,Rent,Single,Close,38600,1,Low,542
Old,Female,Rent,Single,Far,14000,0,Low,410
Young,Female,Rent,Single,Far,14300,2,Low,194
Young,Male,Rent,Married,Close,49800,0,Medium,827
Old,Female,Rent,Married,Far,60200,0,High,2328
Young,Male,Rent,Married,Far,43500,1,Medium,808
Young,Female,Rent,Married,Close,41700,1,NA,521
Middle,Female,Own,Married,Close,92300,3,Low,655
Middle,Male,Own,Single,Close,62800,3,NA,707
Middle,Female,Rent,Married,Far,72900,0,High,2075
Middle,Female,Rent,Married,Close,66900,2,Medium,769
Young,Male,Rent,Single,Close,21700,1,NA,774
Old,Female,Rent,Married,Close,39700,0,Medium,573
Middle,Male,Rent,Married,Far,72200,1,High,2082
Middle,Female,Rent,Married,Close,0,3,NA,
Middle,Male,Own,Married,Close,104100,0,High,2636
Middle,Male,Rent,Single,Far,67700,0,High,2226
Middle,Female,Own,Single,Close,27000,2,Low,183
Middle,Female,Own,Single,Far,64100,2,High,1595
Middle,Male,Rent,Single,Close,47000,1,Medium,584
Old,Female,Own,Married,Close,41600,0,NA,982
Old,Female,Rent,Single,Close,20100,0,Low,576
Middle,Male,Own,Single,Close,64000,3,Low,410
Middle,Female,Own,Married,Far,96800,3,NA,3082
Middle,Male,Rent,Married,Close,76200,1,NA,2437
Old,Female,Rent,Married,Far,81500,0,High,3655
Middle,Female,Own,Single,Close,49600,1,Medium,844
Old,Female,Own,Married,Close,111500,0,High,2510
Middle,Male,Own,Married,Close,77700,0,NA,983
Young,Male,Own,Married,Close,58900,0,NA,1215
Middle,Male,Own,Married,Close,126500,2,High,2000
Middle,Female,Own,Married,Close,83300,1,High,2574
Middle,Female,Own,Married,Close,90500,1,High,1116
Middle,Female,Own,Married,Far,87200,0,High,3604
Middle,Female,Own,Married,Close,105300,1,NA,3360
Middle,Female,Own,Single,Far,56000,3,Medium,
Middle,Female,Rent,Single,Close,46600,0,Medium,906
Old,Male,Rent,Married,Close,69800,0,High,2764
Middle,Male,Own,Single,Close,60300,0,High,1263
Young,Male,Rent,Married,Close,67800,0,High,1084
Middle,Male,Rent,Single,Close,42300,0,Medium,1051
Young,Female,Own,Married,Far,33700,0,NA,614
Middle,Male,Own,Single,Close,62700,2,Medium,704
Young,Female,Own,Single,Close,25900,2,NA,
Young,Female,Own,Single,Close,15600,1,Low,136
Old,Female,Own,Single,Close,14600,0,Low,468
Old,Female,Own,Married,Close,62600,0,High,565
Young,Male,Rent,Married,Close,66700,0,NA,1310
Middle,Male,Own,Married,Far,72500,0,NA,2595
Young,Female,Rent,Single,Far,13200,0,NA,358
Middle,Female,Own,Single,Close,51300,0,Medium,1424
Middle,Male,Own,Single,Far,72300,0,High,4182
Young,Female,Rent,Single,Close,15600,0,NA,468
Middle,Female,Own,Married,Far,90400,1,High,2924
Middle,Male,Own,Single,Far,71500,0,NA,964
Young,Male,Rent,Single,Close,14400,0,NA,615
Young,Male,Rent,Single,Close,15000,3,Low,38
Middle,Male,Own,Single,Close,57600,1,NA,1006
Young,Female,Rent,Married,Close,0,3,Low,307
Middle,Male,Own,Married,Far,84300,2,High,1648
Young,Female,Own,Single,Close,24400,1,Low,220
Young,Female,Rent,Single,Close,22100,2,Low,280
Middle,Male,Rent,Married,Far,48800,2,NA,1647
Middle,Female,Own,Married,Close,74700,1,Medium,704
Young,Female,Rent,Single,Far,32400,1,Medium,920
Old,Female,Own,Single,Close,11400,0,NA,258
Middle,Male,Own,Married,Close,127000,0,NA,1821
Middle,Male,Rent,Single,Close,47200,0,Medium,1587
Middle,Female,Own,Single,Close,48700,2,Low,528
Young,Male,Rent,Single,Far,20400,0,Medium,867
Middle,Male,Rent,Single,Close,39000,0,NA,643
Young,Female,Rent,Single,Close,12900,1,Low,107
Middle,Female,Rent,Married,Far,67300,1,High,1513
Old,Male,Own,Married,Close,134500,0,High,4558
Old,Male,Own,Married,Close,75500,0,High,741
Old,Female,Own,Married,Far,33600,2,Medium,805
Young,Female,Rent,Single,Close,16300,1,NA,470
Young,Male,Rent,Married,Close,27400,1,Low,278
Middle,Female,Own,Married,Close,110400,3,Low,1093
Young,Female,Rent,Single,Far,21100,1,Low,470
Middle,Male,Own,Married,Close,81200,0,High,1856
Middle,Male,Rent,Married,Far,87100,2,High,
Young,Female,Rent,Single,Far,21700,3,NA,708
Middle,Female,Rent,Single,Close,42200,0,NA,1753
Middle,Male,Rent,Single,Far,59000,0,High,3044
Middle,Female,Own,Single,Close,52700,2,Low,855
Young,Male,Own,Single,Close,20900,0,Low,550
Middle,Male,Own,Married,Far,90700,3,High,2265
Old,Female,Own,Married,Far,91800,0,NA,2452
Young,Female,Own,Single,Far,27900,0,Medium,1184
Old,Female,Own,Married,Close,70700,0,High,2150
Middle,Male,Own,Married,Close,79600,2,NA,1575
Middle,Male,Rent,Married,Close,96400,1,High,1822
Middle,Female,Own,Single,Close,46600,2,NA,1153
Old,Male,Own,Married,Close,106600,0,High,1877
Middle,Female,Rent,Married,Close,104900,3,Low,450
Old,Male,Rent,Single,Close,56300,0,Medium,873
Young,Female,Rent,Single,Close,14800,1,Low,209
Old,Male,Own,Married,Close,58300,0,Medium,1472
Middle,Male,Own,Single,Far,70200,0,High,1702
Old,Male,Own,Married,Far,59700,0,High,1857
Young,Male,Rent,Single,Close,25800,0,NA,451
Young,Female,Rent,Single,Close,12000,0,Low,344
Middle,Male,Rent,Single,Far,51900,0,High,1492
Middle,Female,Own,Single,Far,66800,3,NA,2098
Middle,Male,Own,Married,Close,105300,1,NA,3505
Young,Female,Rent,Single,Far,13800,3,Low,127
Young,Male,Rent,Single,Close,14800,3,NA,436
Middle,Female,Own,Married,Far,44200,0,High,2524
Young,Male,Rent,Single,Close,10400,0,NA,189
Middle,Female,Own,Single,Close,35200,0,Medium,607
Young,Female,Rent,Single,Far,16100,0,NA,202
Middle,Male,Own,Married,Close,113000,2,Medium,1554
Middle,Male,Own,Married,Close,63300,2,NA,633
Young,Male,Rent,Single,Close,19100,0,NA,176
Middle,Female,Own,Married,Close,93400,2,NA,3079
Old,Female,Rent,Married,Far,52500,0,High,2038
Middle,Female,Rent,Married,Far,45400,3,Medium,1203
Young,Female,Own,Single,Far,21400,3,NA,326
Middle,Female,Own,Single,Close,53700,3,Low,235
Young,Female,Own,Married,Far,68000,0,High,3688
Young,Male,Rent,Single,Close,17400,0,NA,332
Young,Female,Rent,Single,Close,14600,1,Low,143
Old,Female,Own,Married,Far,100100,0,High,3104
Middle,Male,Own,Married,Far,103700,1,High,2339
Young,Female,Rent,Single,Far,10800,3,Low,123
Middle,Female,Own,Married,Close,81700,3,Low,879
Old,Female,Rent,Single,Close,21400,0,Low,498
Old,Female,Own,Married,Close,114800,0,High,3596
Old,Female,Own,Married,Far,67900,0,High,2925
Middle,Male,Own,Married,Close,53700,1,NA,1081
Young,Female,Rent,Single,Far,11400,3,NA,312
Young,Male,Rent,Married,Close,34300,3,NA,1297
Young,Female,Rent,Single,Close,16400,1,Low,218
Middle,Female,Own,Married,Far,109800,0,High,4279
Middle,Male,Own,Single,Close,64200,0,High,1642
Young,Male,Rent,Single,Close,17000,0,NA,581
Middle,Female,Rent,Single,Close,41400,3,Low,223
Middle,Female,Own,Single,Close,49100,2,Low,474
Old,Female,Own,Single,Far,42600,0,High,1790
Young,Female,Rent,Single,Close,11900,1,Low,143
Middle,Male,Own,Married,Far,113600,2,High,3237
Middle,Male,Own,Single,Close,52900,1,NA,2316
Young,Female,Rent,Single,Close,14300,1,NA,458
Young,Male,Rent,Single,Close,21000,0,Low,646
Middle,Male,Own,Single,Far,59600,2,Medium,1217
Middle,Female,Rent,Single,Close,39700,3,Low,
Old,Male,Own,Married,Close,51200,0,Medium,1293
Middle,Female,Own,Married,Close,88200,0,NA,2749
Middle,Male,Own,Married,Far,122100,0,High,2408
Old,Female,Rent,Married,Close,84800,0,High,2624
Middle,Male,Own,Married,Far,140000,0,High,4894
Old,Female,Own,Single,Close,28500,0,Low,621
Middle,Male,Rent,Single,Close,60300,0,High,701
Young,Female,Rent,Married,Far,51900,0,NA,780
Middle,Male,Own,Single,Close,60200,0,Medium,1365
Middle,Male,Own,Married,Far,81200,0,High,2693
Old,Male,Own,Married,Close,73100,0,High,1582
Old,Male,Own,Single,Close,45700,0,Medium,724
Old,Female,Rent,Single,Close,28900,0,Low,830
Young,Female,Rent,Married,Close,60100,0,NA,1594
Middle,Female,Own,Married,Close,84800,1,NA,1826
Old,Female,Own,Married,Close,35000,0,Medium,473
Young,Female,Rent,Married,Close,61700,0,NA,1161
Old,Female,Rent,Married,Close,46900,0,Medium,703
Middle,Female,Own,Married,Close,123600,1,NA,1892
Young,Male,Rent,Married,Close,45800,0,Medium,489
Middle,Male,Own,Married,Far,77800,1,High,1813
Middle,Female,Own,Single,Close,48700,1,NA,1457
Middle,Female,Rent,Single,Far,0,3,Low,292
Young,Female,Rent,Married,Close,40000,0,NA,613
Middle,Female,Rent,Married,Close,118300,1,NA,2681
Young,Female,Own,Single,Close,27100,2,Low,437
Middle,Female,Rent,Married,Close,91000,2,Medium,708
Middle,Female,Own,Married,Close,35300,0,Medium,1093
Young,Female,Rent,Single,Far,10200,2,Low,213
Young,Female,Rent,Single,Close,12500,1,Low,202
Old,Female,Own,Single,Close,64600,0,NA,1298
Middle,Male,Own,Married,Far,113800,0,NA,3273
Middle,Male,Own,Married,Far,113400,3,High,1790
Young,Female,Rent,Single,Close,16900,1,Low,247
Young,Female,Rent,Single,Close,13600,1,Low,183
Middle,Male,Own,Married,Far,100100,1,High,3491
Old,Female,Own,Married,Far,80000,0,High,1985
Middle,Male,Own,Married,Close,83900,0,High,1721
Middle,Male,Own,Married,Close,77000,0,High,2104
Middle,Female,Rent,Married,Close,72900,3,Low,252
Young,Male,Rent,Married,Close,80700,3,Low,202
Young,Female,Rent,Married,Close,40900,1,Medium,962
Young,Female,Rent,Single,Close,26700,1,NA,459
Middle,Male,Own,Married,Close,54700,0,Medium,848
Old,Female,Rent,Married,Close,23600,1,Low,161
Middle,Male,Rent,Single,Far,56900,0,High,1857
Middle,Male,Own,Single,Far,68700,1,NA,1699
Young,Female,Rent,Single,Close,19300,1,Low,308
Young,Male,Rent,Married,Far,20200,1,Low,500
Middle,Female,Rent,Married,Far,61500,3,Medium,1162
Middle,Female,Own,Married,Far,101700,1,NA,2551
Middle,Female,Rent,Married,Far,120800,1,High,5830
Young,Female,Rent,Single,Far,17300,1,Low,381
Young,Female,Rent,Married,Close,42300,0,NA,856
Middle,Male,Rent,Single,Close,53300,0,Medium,1720
Middle,Female,Rent,Single,Close,42800,0,Medium,759
Middle,Male,Own,Married,Close,98400,0,High,3305
Middle,Female,Own,Single,Close,51200,0,Medium,1257
Old,Male,Own,Single,Close,62200,0,NA,1583
Middle,Male,Own,Married,Close,109200,3,Low,1102
Young,Female,Rent,Single,Close,11400,2,NA,
Young,Female,Rent,Single,Close,14000,0,Low,229
Old,Female,Rent,Married,Close,97000,0,NA,2599
Young,Female,Own,Single,Far,29600,3,NA,774
Old,Male,Own,Married,Close,71200,1,Medium,638
Old,Female,Rent,Single,Far,15000,0,Low,378
Middle,Male,Rent,Married,Far,64000,1,NA,1552
Old,Male,Own,Married,Far,33000,0,Medium,979
Old,Female,Own,Married,Close,74400,0,High,2479
Young,Male,Rent,Single,Far,20300,2,Low,450
Middle,Male,Rent,Married,Close,68700,0,High,2763
Young,Male,Rent,Married,Far,53600,3,Medium,1560
Old,Female,Own,Single,Close,33200,0,Medium,1037
Young,Female,Own,Married,Far,70900,0,NA,690
Young,Female,Rent,Single,Close,23200,3,NA,770
Young,Male,Own,Single,Close,41400,0,Medium,643
Young,Female,Rent,Married,Close,63200,0,High,1512
Old,Male,Own,Married,Close,107400,0,High,1485
Young,Male,Rent,Single,Far,13900,0,NA,570
Middle,Female,Rent,Married,Close,79900,1,Medium,1165
Middle,Male,Own,Married,Far,120000,3,High,1926
Old,Male,Rent,Married,Far,66300,0,NA,2243
Middle,Female,Own,Single,Close,54400,3,Low,342
Middle,Male,Own,Married,Close,84200,0,High,1654
Young,Female,Rent,Married,Close,13800,0,Low,363
Young,Female,Rent,Single,Far,14500,1,Low,222
Young,Male,Rent,Single,Close,21300,0,Low,677
Old,Male,Rent,Single,Close,29000,0,Low,482
Old,Female,Rent,Single,Close,14600,1,Low,385
Old,Male,Own,Single,Close,65300,0,High,1443
Middle,Female,Own,Married,Close,100800,1,High,1789
Young,Female,Rent,Single,Far,19800,1,Low,991
Middle,Male,Own,Single,Close,56700,2,Low,536
Old,Male,Rent,Married,Close,90200,0,High,2183
Young,Male,Rent,Single,Close,26100,1,NA,494
Young,Female,Rent,Single,Close,15900,0,Low,503
Young,Female,Rent,Single,Close,12700,3,Low,87
Middle,Male,Rent,Single,Close,43200,0,NA,917
Middle,Female,Rent,Married,Close,114100,1,NA,1976
Middle,Male,Own,Married,Close,96100,3,Low,316
Middle,Male,Own,Married,Close,97200,0,NA,1634
Middle,Male,Own,Married,Far,82400,2,High,2035
Old,Male,Own,Single,Far,62000,0,High,3293
Young,Female,Rent,Single,Close,13400,1,Low,143
Middle,Male,Own,Married,Close,108200,3,Low,635
Young,Female,Own,Married,Close,76200,0,High,979
Middle,Male,Rent,Married,Close,81800,1,High,1838
Young,Female,Rent,Single,Far,12000,0,Low,264
Middle,Male,Own,Married,Close,76100,0,NA,719
Middle,Male,Own,Married,Close,82100,1,High,1308
Old,Female,Own,Married,Close,103300,0,High,3378
Young,Male,Rent,Single,Close,14200,1,NA,400
Middle,Female,Own,Single,Far,47500,0,High,847
Young,Female,Rent,Single,Close,31300,1,Low,357
Young,Female,Rent,Married,Far,32700,1,NA,1276
Middle,Male,Own,Married,Close,72200,0,High,2492
Middle,Female,Own,Married,Close,107600,2,Medium,1512
Middle,Male,Own,Married,Close,109900,2,Medium,870
Middle,Female,Own,Married,Close,65400,2,Medium,938
Old,Female,Own,Single,Close,43300,0,NA,1584
Old,Female,Own,Single,Close,51900,0,Medium,1148
Middle,Female,Own,Married,Far,80600,0,High,2840
Middle,Female,Rent,Single,Close,42700,0,Medium,827
Young,Male,Rent,Single,Far,19000,0,NA,428
Young,Female,Rent,Single,Close,14500,1,Low,183
Middle,Female,Own,Married,Close,68200,1,NA,818
Young,Male,Rent,Married,Close,36700,0,Medium,731
Old,Male,Own,Married,Far,54600,0,High,2163
Middle,Male,Own,Married,Close,65900,1,Medium,1081
Young,Male,Own,Single,Far,39600,0,NA,1085
Young,Male,Rent,Married,Far,67300,3,NA,1212
Middle,Male,Own,Single,Close,59700,1,NA,1422
Middle,Female,Own,Married,Far,102800,2,High,2238
Middle,Female,Rent,Single,Close,34700,0,NA,1615
Middle,Male,Own,Single,Close,50600,3,NA,713
Middle,Male,Rent,Married,Close,106700,2,Medium,607
Middle,Male,Rent,Single,Close,53900,1,Medium,735
Young,Female,Rent,Married,Close,25500,2,Low,139
Young,Male,Rent,Married,Far,46300,1,Medium,1357
Old,Male,Own,Married,Close,55500,0,Medium,858
Young,Female,Own,Single,Close,27800,3,NA,408
Middle,Male,Own,Married,Close,118600,1,NA,1553
Middle,Female,Own,Married,Close,130700,3,NA,2070
Old,Male,Rent,Single,Close,42800,0,Medium,922
Middle,Female,Own,Married,Far,118300,1,High,2502
Young,Female,Rent,Single,Far,25600,2,NA,426
Middle,Male,Rent,Married,Close,63500,2,NA,2321
Old,Female,Own,Single,Close,30900,0,Medium,862
Middle,Male,Own,Single,Close,55900,1,NA,2555
Middle,Male,Own,Single,Far,53900,0,NA,1186
Old,Male,Own,Married,Close,84300,0,High,2842
Old,Male,Own,Single,Close,53400,1,Medium,886
Middle,Male,Own,Married,Close,96900,1,High,1420
Middle,Male,Rent,Single,Far,55800,1,NA,821
Young,Female,Rent,Married,Close,25900,1,Low,242
Young,Female,Rent,Single,Close,22000,1,Low,472
Middle,Female,Rent,Married,Close,96700,2,Medium,1231
Middle,Female,Rent,Single,Close,40200,1,NA,881
Old,Male,Own,Married,Close,26800,0,Low,435
Young,Female,Rent,Single,Close,16700,2,Low,108
Young,Female,Rent,Married,Close,40900,2,Low,576
Young,Male,Rent,Married,Far,41500,3,NA,1314
Young,Male,Rent,Single,Close,20900,0,NA,296
Young,Female,Rent,Married,Close,69700,2,Medium,584
Middle,Male,Rent,Single,Close,61800,0,High,1156
Middle,Male,Own,Married,Close,102500,1,High,2464
Middle,Female,Own,Married,Close,48900,3,NA,915
Middle,Male,Own,Single,Close,60300,0,NA,2091
Young,Male,Rent,Married,Far,41600,0,High,1690
Middle,Male,Own,Single,Close,73700,1,Medium,1274
Young,Female,Rent,Single,Close,27000,1,NA,1012
Middle,Female,Rent,Single,Close,43700,0,Medium,950
Young,Male,Rent,Single,Close,10200,2,NA,333
Middle,Female,Own,Married,Close,63300,2,Medium,679
Young,Female,Own,Single,Far,33200,2,Medium,607
Old,Female,Own,Married,Far,78800,0,High,3398
Middle,Male,Own,Married,Close,82500,0,High,859
Middle,Male,Own,Single,Far,80800,2,High,2444
Middle,Male,Own,Married,Close,88100,2,Medium,1078
Middle,Male,Rent,Married,Far,124800,3,High,2537
Young,Male,Own,Single,Close,31900,0,Medium,616
Middle,Female,Own,Single,Close,53300,3,NA,508
Old,Male,Own,Married,Far,15400,0,Low,297
Middle,Male,Own,Married,Close,70200,0,NA,1583
Young,Female,Rent,Single,Close,23000,3,Low,79
Middle,Female,Own,Married,Close,82400,2,Medium,657
Middle,Female,Own,Married,Close,97900,0,High,2149
Old,Female,Rent,Married,Far,88400,0,High,3632
Middle,Female,Own,Married,Close,86900,0,High,2230
Middle,Female,Own,Single,Close,45100,1,Medium,448
Middle,Male,Rent,Single,Close,41800,3,Low,301
Old,Male,Own,Married,Close,74800,0,High,1968
Middle,Female,Rent,Married,Close,73000,1,Medium,490
Middle,Male,Own,Married,Close,118500,1,High,3063
Middle,Male,Own,Single,Close,65300,3,Low,193
Middle,Female,Rent,Married,Close,66300,2,Medium,544
Middle,Male,Own,Married,Far,103900,1,High,2666
Middle,Female,Own,Married,Close,71900,0,High,1846
Middle,Male,Own,Married,Far,86100,1,NA,1255
Middle,Male,Own,Married,Close,96300,1,High,1081
Young,Female,Rent,Single,Close,10200,3,NA,199
Middle,Male,Own,Married,Close,96300,2,NA,3916
Old,Female,Own,Single,Far,24000,1,Low,357
Middle,Female,Rent,Married,Close,46700,0,Medium,983
Middle,Female,Rent,Single,Close,53700,2,NA,1194
Middle,Male,Rent,Married,Close,108300,2,NA,2224
Young,Female,Rent,Single,Close,12100,1,Low,90
Young,Male,Rent,Married,Close,36600,0,NA,587
Old,Male,Own,Married,Close,66300,0,High,1088
Young,Female,Own,Single,Close,33400,1,NA,617
Middle,Male,Own,Married,Far,70000,1,NA,1227
Middle,Female,Own,Single,Close,47900,1,Medium,662
Middle,Female,Rent,Married,Close,40500,2,Low,622
Old,Male,Own,Single,Close,69100,0,High,1477
Young,Female,Rent,Single,Close,13300,1,NA,236
Middle,Female,Rent,Married,Far,75800,1,High,1830
Middle,Female,Rent,Married,Close,48600,0,Medium,1583
Old,Female,Own,Single,Close,39600,0,Medium,610
Young,Female,Rent,Single,Close,11700,0,Low,193
Young,Male,Rent,Married,Close,52600,1,Medium,1052
Young,Male,Rent,Single,Close,14600,3,NA,0
Old,Male,Own,Married,Close,123000,0,High,3671
Old,Female,Rent,Married,Far,64600,0,High,2206
Middle,Female,Own,Single,Far,34600,2,Medium,748
Middle,Male,Own,Married,Close,74500,0,High,1481
Old,Male,Own,Married,Close,56600,0,NA,1607
Old,Female,Rent,Single,Close,37000,1,NA,632
Young,Female,Rent,Single,Far,18400,1,Low,303
Young,Male,Rent,Single,Close,25000,0,Low,264
Middle,Male,Own,Married,Far,61400,1,High,1575
Middle,Male,Own,Married,Close,76400,2,Medium,881
Young,Male,Own,Married,Close,55100,0,Medium,1439
Old,Female,Own,Married,Far,22800,0,NA,452
Old,Female,Own,Married,Close,10100,1,Low,93
Young,Male,Rent,Single,Close,17800,0,Low,292
Middle,Female,Own,Married,Close,59100,1,NA,1426
Young,Female,Rent,Single,Far,19700,2,Low,330
Middle,Male,Own,Married,Far,73800,0,High,3120
Middle,Male,Own,Married,Far,113300,1,High,5151
Middle,Male,Own,Married,Far,118400,2,NA,3941
Middle,Male,Own,Married,Close,92300,1,NA,2141
Young,Male,Rent,Single,Close,11200,0,NA,106
Young,Female,Rent,Married,Far,30100,0,Medium,530
Middle,Female,Own,Single,Close,43500,1,Medium,500
Middle,Male,Own,Married,Close,97500,0,High,2837
Old,Male,Own,Married,Close,54600,0,Medium,1246
Middle,Male,Rent,Single,Far,42500,1,NA,798
Middle,Male,Own,Single,Close,82800,0,NA,1544
Old,Male,Own,Married,Far,62300,0,High,2644
Young,Male,Rent,Single,Far,21900,2,NA,192
Middle,Female,Rent,Single,Far,35600,3,Low,865
Middle,Male,Own,Married,Close,96900,0,High,1159
Young,Female,Rent,Married,Close,36900,1,NA,1480
Middle,Female,Rent,Married,Close,93500,1,High,1426
Middle,Male,Own,Married,Close,97300,1,NA,3048
Young,Male,Rent,Single,Close,21900,0,Low,276
Middle,Male,Rent,Single,Close,63000,0,High,1910
Young,Female,Rent,Single,Close,11500,3,NA,157
Middle,Male,Own,Single,Close,44600,2,Low,236
Young,Female,Rent,Single,Close,21900,1,NA,576
Middle,Male,Rent,Single,Far,45100,1,Medium,794
Old,Female,Own,Married,Close,74900,0,High,1474
Young,Male,Rent,Single,Close,14200,0,Low,250
Young,Female,Rent,Single,Far,23200,2,NA,788
Old,Male,Own,Married,Close,73300,0,NA,1694
Old,Male,Own,Married,Far,41300,0,High,1985
Old,Female,Own,Single,Far,32700,0,Medium,1252
Old,Female,Own,Single,Close,35200,0,NA,827
Young,Female,Rent,Single,Close,13100,0,NA,314
Middle,Male,Own,Married,Close,97400,1,High,880
Young,Female,Rent,Single,Far,23100,2,Low,466
Middle,Male,Own,Single,Close,49200,3,Low,210
Middle,Male,Own,Single,Far,45000,1,NA,902
Middle,Male,Own,Married,Close,87200,0,High,1274
Middle,Male,Own,Single,Close,49900,1,NA,1631
Middle,Male,Own,Married,Close,66900,0,High,1220
Middle,Female,Own,Single,Close,47600,1,Medium,801
Middle,Female,Own,Single,Close,47900,0,NA,1090
Middle,Male,Own,Single,Close,59400,0,Medium,1699
Middle,Female,Rent,Single,Close,32700,2,Low,273
Middle,Male,Rent,Single,Close,34200,1,Low,523
Middle,Male,Own,Married,Close,96600,0,NA,1437
Middle,Female,Own,Married,Close,126300,1,High,1888
Young,Male,Rent,Single,Close,31600,1,NA,476
Middle,Female,Own,Married,Far,108100,3,High,2632
Middle,Female,Rent,Single,Close,43300,3,Low,326
Old,Female,Rent,Single,Far,17900,0,Low,446
Middle,Male,Own,Single,Far,50100,1,High,1071
Old,Female,Own,Married,Close,74700,0,High,1699
Old,Male,Rent,Married,Close,60000,0,Medium,966
Young,Male,Own,Single,Close,33400,0,NA,567
Middle,Female,Rent,Married,Close,68800,0,NA,1658
Middle,Female,Rent,Single,Close,25700,2,Low,173
Middle,Male,Own,Married,Close,83700,0,High,3344
Middle,Male,Rent,Single,Close,50500,0,Medium,1029
Young,Female,Rent,Single,Close,17300,0,Low,345
Middle,Male,Own,Single,Close,45800,0,NA,712
Old,Male,Own,Married,Close,108900,0,High,1841
Middle,Female,Rent,Married,Close,60500,2,Low,409
Old,Female,Own,Married,Far,84100,0,High,2710
Young,Male,Rent,Married,Far,25100,0,Medium,592
Middle,Male,Own,Married,Close,69900,1,NA,2101
Middle,Male,Own,Married,Close,97100,0,NA,1473
Middle,Female,Own,Married,Close,72200,2,Medium,715
Old,Female,Own,Married,Far,78900,0,High,2233
Middle,Female,Own,Single,Far,62500,3,NA,921
Young,Female,Rent,Single,Close,17800,1,Low,216
Middle,Female,Own,Married,Close,105500,1,High,1781
Middle,Female,Own,Single,Close,46100,2,Low,418
Young,Male,Rent,Single,Close,27100,1,Low,268
Young,Male,Rent,Married,Far,60300,1,NA,1252
Young,Female,Rent,Single,Close,12000,0,Low,140
Middle,Female,Own,Single,Close,48400,0,Medium,992
Middle,Male,Rent,Single,Close,45600,0,Medium,1388
Middle,Female,Own,Single,Close,35200,2,Low,233
Middle,Male,Rent,Single,Far,60200,0,High,2304
Middle,Female,Rent,Married,Far,53900,1,High,2177
Middle,Male,Own,Married,Close,70400,2,NA,1127
Young,Male,Rent,Married,Close,36900,0,Medium,721
Old,Female,Own,Single,Close,36100,0,Medium,438
Young,Female,Rent,Single,Close,11000,2,NA,393
Middle,Male,Own,Single,Close,61600,0,NA,1666
Middle,Male,Own,Married,Close,88700,1,NA,2448
Middle,Female,Own,Married,Far,88600,1,High,2563
Middle,Male,Rent,Married,Close,79500,0,High,1763
Young,Female,Rent,Single,Close,18900,1,Low,184
Old,Female,Own,Single,Close,17300,0,Low,166
Middle,Female,Rent,Married,Close,81400,2,NA,1014
Young,Male,Rent,Married,Close,36500,0,Medium,1140
Middle,Female,Own,Single,Close,43300,1,NA,1021
Middle,Male,Own,Married,Close,76700,1,Medium,1431
Middle,Male,Own,Married,Far,123000,1,High,5878
Middle,Male,Own,Single,Close,56300,3,Low,321
Middle,Male,Own,Married,Close,70000,0,High,1974
Middle,Male,Own,Single,Close,48100,0,Medium,1640
Young,Female,Rent,Married,Close,79400,0,NA,1175
Middle,Female,Own,Married,Close,63700,3,Low,364
Young,Male,Rent,Single,Close,21200,0,NA,417
Middle,Male,Rent,Single,Close,53900,0,Medium,1060
Old,Female,Own,Married,Close,118800,0,High,2176
Middle,Female,Own,Married,Close,79400,3,Low,200
Old,Female,Rent,Single,Far,20400,0,NA,513
Middle,Male,Rent,Single,Close,52400,0,NA,857
Old,Female,Own,Single,Close,17600,0,Low,224
Young,Male,Rent,Single,Close,23500,0,Low,371
Young,Male,Rent,Married,Close,56900,2,Low,687
Middle,Male,Own,Married,Close,95100,2,Medium,809
Middle,Male,Own,Married,Close,119800,2,Medium,2090
Old,Male,Own,Single,Close,58700,0,NA,1479
Middle,Female,Own,Married,Close,76700,2,Medium,534
Middle,Male,Own,Married,Close,67600,1,Medium,1172
Middle,Male,Own,Single,Close,61500,2,Medium,968
Old,Female,Own,Married,Close,72900,0,High,753
Old,Female,Rent,Single,Close,21200,0,Low,242
Old,Male,Rent,Single,Close,32400,1,Low,515
Middle,Female,Own,Married,Close,62200,3,NA,2119
Old,Female,Own,Single,Close,24400,0,Low,491
Middle,Male,Own,Married,Close,66500,3,Low,286
Old,Female,Rent,Married,Far,72200,0,High,3069
Young,Female,Rent,Single,Close,16900,2,NA,281
Young,Male,Rent,Married,Close,56300,0,NA,1608
Old,Female,Own,Single,Far,22000,0,Medium,736
Young,Female,Rent,Single,Close,18800,2,Low,170
Young,Female,Rent,Single,Close,26600,2,Low,245
Middle,Female,Rent,Married,Close,72100,0,High,3052
Middle,Male,Own,Single,Far,55600,0,High,1786
Young,Female,Rent,Single,Close,14600,3,Low,0
Old,Male,Own,Married,Close,45900,0,Medium,1645
Young,Female,Own,Single,Close,15100,0,Low,274
Middle,Male,Own,Married,Close,140700,3,Medium,1001
Middle,Male,Own,Married,Close,90300,0,High,1944
Old,Male,Own,Married,Close,95900,0,High,2585
Young,Male,Rent,Single,Far,20800,0,NA,260
Middle,Male,Own,Married,Close,98400,0,High,1414
Young,Female,Rent,Single,Close,15000,2,NA,341
Young,Male,Rent,Single,Close,17700,1,Low,268
Middle,Male,Own,Married,Close,102400,1,High,1237
Young,Male,Rent,Single,Far,17800,1,NA,589
Young,Male,Rent,Single,Far,13800,1,Low,368
Middle,Female,Rent,Single,Close,50500,1,Medium,940
Middle,Female,Rent,Single,Close,42000,3,Low,232
Middle,Male,Own,Married,Close,95800,3,Low,678
Young,Male,Rent,Single,Close,15200,0,NA,324
Young,Male,Rent,Single,Close,15800,2,Low,147
Old,Male,Own,Single,Close,51400,0,NA,694
Old,Female,Rent,Married,Close,38200,0,Medium,526
Middle,Female,Rent,Single,Close,39900,1,Low,586
Young,Female,Own,Single,Close,21600,2,NA,491
Old,Female,Own,Married,Close,65900,0,High,1436
Middle,Female,Own,Married,Close,97500,1,High,1280
Middle,Male,Rent,Married,Far,63000,0,High,2107
Young,Female,Own,Single,Far,31900,0,NA,860
Middle,Female,Rent,Single,Far,45500,1,NA,1624
Old,Female,Own,Single,Close,12800,0,NA,230
Old,Female,Own,Married,Far,12600,2,Low,164
Middle,Male,Rent,Single,Close,50700,3,Low,157
Young,Female,Rent,Single,Close,17900,3,Low,62
Young,Female,Rent,Single,Close,14400,1,Low,223
Old,Female,Own,Single,Close,23800,0,Low,438
Middle,Male,Own,Married,Close,84700,3,NA,2705
Middle,Female,Rent,Single,Close,36900,1,Low,371
Old,Female,Own,Single,Close,20600,0,Low,201
Young,Male,Rent,Married,Close,41500,0,NA,1213
Middle,Male,Own,Married,Close,83100,2,Medium,586
Middle,Male,Own,Married,Far,88700,2,High,2693
Old,Female,Own,Married,Close,54700,0,Medium,1404
Middle,Male,Own,Single,Close,68900,2,NA,2784
Young,Female,Rent,Single,Close,22200,2,Low,275
Middle,Female,Own,Married,Close,70900,1,Medium,794
Middle,Male,Own,Single,Close,55900,0,Medium,964
Middle,Female,Own,Married,Close,80800,1,NA,1598
Middle,Male,Own,Married,Far,100600,3,High,2838
Old,Female,Own,Single,Close,39900,0,NA,619
Young,Female,Rent,Married,Close,71200,3,Low,392
Old,Female,Own,Married,Close,61000,0,NA,1850
Old,Male,Own,Single,Close,38700,0,NA,1506
Middle,Male,Own,Married,Far,98900,0,NA,3126
Middle,Male,Own,Single,Close,64300,0,NA,1325
Middle,Female,Own,Married,Close,75600,0,NA,1541
Young,Female,Rent,Married,Far,53700,0,High,2491
Middle,Male,Own,Single,Close,66600,0,High,1177
Old,Female,Own,Married,Close,89000,0,High,1487
Young,Female,Rent,Single,Far,18200,2,Low,322
Young,Female,Rent,Married,Close,73600,1,Medium,647
Middle,Female,Rent,Single,Far,45600,0,High,1322
Young,Male,Own,Married,Close,73000,0,NA,1534
Young,Male,Own,Single,Close,29600,3,NA,583
Middle,Male,Rent,Married,Close,92900,1,NA,1705
Old,Female,Rent,Single,Far,13900,0,Low,191
Young,Male,Rent,Married,Close,64300,3,Low,239
Middle,Male,Own,Married,Close,77100,2,Medium,568
Young,Female,Own,Single,Close,27500,3,NA,571
Old,Male,Rent,Married,Close,81800,0,High,919
Old,Female,Rent,Married,Close,41700,0,Medium,1398
Old,Female,Own,Married,Close,51000,0,Medium,1025
Middle,Male,Rent,Single,Close,55900,1,Medium,909
Young,Male,Rent,Single,Close,19800,2,Low,209
Young,Male,Rent,Single,Close,17600,0,NA,245
Middle,Male,Rent,Married,Far,84100,1,High,2362
Middle,Male,Own,Married,Close,85600,0,High,3380
Young,Male,Rent,Single,Close,13400,0,Low,424
Young,Female,Rent,Married,Far,47200,1,Medium,1272
Middle,Male,Own,Married,Close,96300,1,High,1909
Middle,Male,Own,Married,Close,60500,3,Low,340
Middle,Female,Own,Single,Close,35800,1,NA,1355
Middle,Male,Rent,Married,Close,106100,3,Low,472
Young,Male,Rent,Single,Close,18000,0,Low,303
Middle,Male,Rent,Single,Far,50000,1,NA,1079
Old,Female,Own,Single,Close,58200,0,Medium,981
Young,Female,Rent,Single,Far,13500,2,Low,160
Middle,Female,Own,Married,Close,59900,1,NA,613
Young,Female,Rent,Single,Far,18400,1,Low,662
Middle,Male,Rent,Married,Close,62800,3,Low,177
Middle,Male,Rent,Single,Close,70000,0,High,785
Young,Female,Rent,Single,Far,13600,1,NA,349
Middle,Female,Rent,Married,Close,97400,3,Low,213
Old,Female,Own,Married,Far,37500,0,Medium,1578
Old,Female,Own,Single,Close,22800,0,Low,258
Young,Female,Rent,Single,Close,14200,0,NA,192
Young,Male,Rent,Single,Close,18700,0,Low,289
Middle,Male,Own,Married,Close,107400,1,High,1821
Young,Female,Rent,Single,Far,28900,0,Medium,905
Middle,Male,Rent,Married,Close,38400,2,Low,188
Middle,Male,Rent,Single,Close,54200,0,NA,1405
Old,Male,Own,Married,Close,102700,0,NA,2381
Young,Female,Rent,Single,Close,13300,1,Low,184
Middle,Male,Own,Single,Close,60200,3,NA,1364
Young,Male,Rent,Single,Close,21400,0,NA,414
Young,Female,Rent,Single,Close,21700,2,NA,387
Young,Male,Rent,Single,Close,23200,1,Low,504
Middle,Male,Own,Married,Close,64800,2,Medium,574
Middle,Male,Rent,Single,Close,55600,0,Medium,984
Middle,Male,Own,Married,Far,89500,0,High,5209
Young,Female,Rent,Single,Far,12500,1,NA,422
Middle,Male,Own,Married,Close,87000,0,High,1594
Middle,Female,Rent,Single,Far,31200,3,NA,1087
Young,Female,Rent,Single,Close,13700,1,NA,163
Middle,Male,Own,Single,Close,55500,3,Low,427
Middle,Female,Rent,Single,Close,58600,1,Medium,624
Young,Female,Own,Married,Far,55900,1,NA,788
Young,Female,Rent,Single,Far,13700,2,NA,414
Old,Female,Own,Married,Far,81400,0,High,3001
Old,Female,Own,Married,Close,90500,0,High,863
Middle,Female,Own,Married,Close,82200,1,NA,1517
Middle,Male,Own,Married,Far,65400,3,NA,836
Middle,Male,Own,Single,Close,74400,0,High,1152
Young,Male,Rent,Married,Far,63300,3,NA,1408
Young,Male,Rent,Married,Far,51600,0,NA,1082
Young,Male,Rent,Married,Far,55000,0,NA,1162
Middle,Female,Own,Single,Close,43900,2,Low,358
Young,Female,Own,Single,Close,20300,1,Low,304
Young,Female,Own,Single,Far,16300,0,NA,360
Middle,Male,Own,Married,Close,97600,2,Medium,1162
Old,Female,Rent,Single,Far,15100,0,Low,348
Young,Female,Rent,Single,Close,12500,3,NA,206
Young,Female,Rent,Single,Close,10600,2,Low,114
Middle,Female,Own,Single,Close,41300,1,NA,932
Young,Female,Own,Single,Close,27200,2,Low,446
Middle,Male,Own,Married,Close,102400,1,NA,2466
Young,Female,Own,Single,Far,27900,1,NA,576
Old,Male,Rent,Married,Far,23800,0,NA,428
Middle,Male,Own,Married,Close,100000,1,High,2247
Middle,Female,Rent,Married,Far,43300,3,Medium,716
Middle,Male,Own,Married,Close,65800,1,NA,1017
Middle,Female,Own,Married,Close,49700,2,Low,613
Middle,Female,Rent,Married,Close,82300,2,Medium,580
Middle,Male,Rent,Single,Close,41200,0,Medium,841
Young,Male,Rent,Single,Close,29200,0,Low,737
Middle,Female,Own,Single,Close,51900,2,NA,1162
Middle,Female,Own,Married,Close,85500,2,Medium,895
Young,Female,Rent,Single,Far,12400,3,Low,205
Middle,Female,Own,Married,Close,111900,1,NA,2340
Middle,Female,Rent,Single,Close,40400,1,Low,630
Young,Male,Rent,Single,Far,10900,0,Low,407
Middle,Male,Own,Married,Close,82400,3,NA,2122
Young,Female,Rent,Single,Close,13200,1,Low,227
Middle,Male,Rent,Single,Close,57800,0,Medium,1149
Old,Female,Own,Married,Close,52200,1,Medium,669
Middle,Male,Rent,Married,Far,64600,2,NA,2935
Middle,Female,Own,Single,Close,43100,0,NA,1444
Old,Female,Own,Married,Far,40100,0,Medium,1384
Old,Male,Own,Married,Close,84500,0,NA,1557
Old,Male,Rent,Married,Close,34500,0,Medium,802
Young,Female,Rent,Married,Close,61000,1,NA,1611
Old,Female,Own,Married,Far,79300,0,NA,2047
Middle,Male,Rent,Single,Close,44500,0,Medium,1175
Young,Male,Rent,Married,Close,39700,0,Medium,1011
Old,Female,Own,Single,Close,30300,0,Low,1062
Young,Female,Rent,Single,Close,20100,1,Low,271
Old,Male,Own,Married,Far,86500,0,High,2690
Old,Female,Rent,Single,Close,42500,0,Medium,918
Middle,Male,Own,Married,Close,102300,0,High,2438
Middle,Female,Own,Single,Far,52600,2,Medium,1307
Middle,Female,Rent,Single,Far,37800,2,NA,1185
Young,Female,Rent,Single,Close,20300,2,Low,180
Middle,Male,Own,Married,Close,71600,1,NA,1198
Young,Male,Rent,Married,Close,54500,1,Medium,1001
Middle,Male,Rent,Single,Close,54700,0,Medium,1355
Middle,Male,Rent,Single,Far,58600,2,NA,989
Middle,Male,Rent,Single,Far,53800,0,High,1803
Middle,Female,Own,Married,Close,131500,3,NA,2840
Middle,Male,Rent,Single,Far,52200,0,High,1909
Young,Male,Rent,Married,Close,37200,1,Low,247
Young,Male,Rent,Single,Far,22900,1,NA,814
Young,Male,Rent,Married,Close,55500,3,Low,216
Young,Female,Rent,Single,Far,12800,1,NA,365
Young,Female,Rent,Single,Close,17600,2,Low,163
Old,Female,Own,Single,Far,28300,0,Medium,933
Old,Male,Own,Single,Close,41900,0,Medium,654
Young,Female,Rent,Single,Close,14100,3,NA,153
Middle,Male,Rent,Single,Close,52100,0,NA,1668
Middle,Male,Rent,Single,Far,38700,1,Medium,1009
Middle,Female,Rent,Single,Far,44100,1,Medium,1659
Middle,Male,Own,Married,Far,79200,1,High,1905
Young,Female,Rent,Single,Close,22600,3,NA,521
Middle,Male,Rent,Single,Close,55100,2,NA,826
Old,Female,Own,Married,Far,70400,0,High,2610
Middle,Male,Own,Married,Close,107300,2,Medium,1194
Middle,Female,Rent,Married,Close,66500,1,NA,1181
Young,Male,Rent,Single,Close,10200,0,NA,362
Young,Female,Own,Single,Far,41000,1,Medium,768
Middle,Female,Rent,Single,Close,26200,1,Low,381
Middle,Male,Rent,Married,Far,72200,3,Medium,1811
Middle,Male,Rent,Single,Far,36700,1,Medium,1218
Old,Male,Own,Married,Far,74500,0,NA,1413
Middle,Female,Own,Single,Close,60200,1,NA,1748
Old,Male,Rent,Single,Close,34500,0,Medium,639
Old,Female,Own,Married,Close,83700,0,High,1582
Young,Male,Rent,Single,Far,14800,1,NA,376
Middle,Male,Own,Married,Close,106400,0,NA,1757
Young,Female,Rent,Married,Close,42000,3,Low,105
Middle,Male,Rent,Married,Close,118800,0,High,2631
Young,Female,Own,Single,Far,21900,2,Low,486
Middle,Male,Rent,Single,Close,39500,1,NA,412
Middle,Male,Rent,Single,Close,45900,0,Medium,716
Young,Female,Rent,Married,Close,37100,2,Low,653
Middle,Female,Rent,Single,Close,28200,1,Low,224
Middle,Male,Rent,Married,Close,74600,2,Medium,705
Middle,Male,Own,Married,Close,122700,1,NA,4984
Young,Female,Rent,Single,Close,14200,2,Low,197
Middle,Male,Own,Married,Far,75500,0,NA,2450
Middle,Male,Own,Single,Close,62900,0,NA,2561
Young,Male,Rent,Single,Far,19400,0,Low,563
Middle,Female,Rent,Single,Close,46600,0,NA,546
Middle,Male,Own,Married,Far,79700,1,High,3384
Middle,Male,Own,Single,Close,45900,2,Low,416
Old,Female,Own,Married,Close,42800,0,Medium,685
Old,Male,Own,Married,Far,65500,0,High,1931
Old,Female,Rent,Single,Close,33600,0,Medium,573
Middle,Female,Own,Single,Far,55600,1,High,1553
Young,Female,Rent,Single,Close,24000,2,NA,362
Young,Male,Rent,Single,Far,25700,0,Medium,907
Old,Female,Own,Married,Close,21500,0,Low,445
Old,Female,Rent,Married,Close,68600,0,High,1342
Young,Female,Rent,Single,Far,23100,2,Low,457
Middle,Female,Rent,Married,Close,53300,0,Medium,1598
Old,Female,Own,Married,Close,112800,0,High,1861
Old,Male,Own,Married,Close,124900,0,High,4109
Middle,Female,Own,Single,Close,72200,0,NA,3278
Middle,Male,Rent,Single,Close,35100,1,Low,421
Old,Female,Rent,Single,Close,14900,0,NA,275
Middle,Male,Rent,Single,Close,72000,0,High,1475
Middle,Male,Own,Married,Close,82400,0,High,1779
Young,Male,Rent,Married,Close,41600,3,NA,1634
Middle,Female,Own,Married,Close,68500,2,NA,1500
Young,Male,Own,Married,Close,62200,0,High,1348
Old,Female,Own,Single,Close,35900,0,NA,962
Young,Male,Rent,Single,Close,14100,0,Low,328
Young,Female,Rent,Married,Close,36500,1,NA,747
Middle,Female,Own,Married,Close,86400,1,High,1713
Old,Female,Rent,Married,Close,39500,0,Medium,1006
Old,Male,Own,Married,Close,85300,0,NA,2523
Old,Female,Own,Married,Close,110700,0,High,2458
Young,Male,Rent,Single,Far,17700,0,Low,742
Young,Female,Rent,Married,Far,33200,1,NA,1639
Middle,Female,Own,Single,Close,53800,0,Medium,843
Old,Male,Rent,Single,Close,44400,0,Medium,886
Middle,Female,Rent,Married,Close,135700,1,High,2746
Young,Female,Rent,Single,Far,20700,1,Low,550
Middle,Male,Rent,Married,Far,83500,2,High,2098
Middle,Female,Rent,Married,Close,84200,2,Medium,954
Middle,Female,Rent,Married,Close,79900,1,Medium,1041
Old,Female,Rent,Single,Far,19700,0,Low,535
Middle,Female,Rent,Single,Close,35300,0,NA,1369
Old,Male,Own,Married,Far,52000,0,High,2545
Young,Male,Rent,Single,Close,21300,1,NA,329
Middle,Male,Own,Single,Close,63700,0,NA,1351
Old,Female,Own,Married,Close,25900,0,Low,582
Middle,Male,Rent,Married,Close,65800,2,Medium,578
Old,Female,Rent,Single,Close,11000,0,NA,195
Old,Female,Rent,Married,Close,65900,0,High,777
Middle,Female,Own,Married,Close,108100,1,High,1133
Middle,Male,Own,Married,Close,107300,2,Medium,1566
Middle,Female,Rent,Married,Close,79500,0,High,1651
Middle,Female,Rent,Married,Close,95900,0,NA,3168
Middle,Male,Rent,Single,Close,45200,1,Medium,699
Middle,Male,Own,Married,Close,98500,0,High,2034
Old,Female,Own,Married,Close,96200,0,High,1457
Young,Male,Rent,Single,Close,17900,0,NA,395
Middle,Male,Own,Married,Close,42700,0,Medium,541
Middle,Male,Own,Single,Far,49700,0,High,2844
Middle,Female,Rent,Single,Close,43000,3,Low,225
Young,Female,Rent,Single,Close,15500,1,Low,210
Young,Male,Rent,Single,Close,13000,3,Low,43
Middle,Female,Rent,Single,Close,27200,3,Low,243
Old,Female,Own,Married,Close,26700,0,Low,1120
Old,Male,Own,Single,Far,61000,0,High,975
Middle,Female,Own,Married,Close,76600,3,NA,2904
Middle,Male,Own,Married,Close,117500,2,Medium,927
Old,Male,Own,Married,Close,90600,0,High,3167
Young,Female,Rent,Single,Far,12600,0,Low,241
Old,Female,Own,Single,Close,12700,2,Low,65
Middle,Female,Own,Married,Far,77600,3,Medium,858
Middle,Female,Rent,Married,Far,92400,1,NA,2191
Old,Female,Rent,Married,Close,71800,0,High,1946
Middle,Male,Own,Married,Far,95800,3,NA,2581
Young,Female,Own,Single,Close,32600,3,Low,172
Middle,Male,Own,Married,Close,74500,2,Medium,824
Old,Female,Rent,Single,Close,29200,0,Low,556
Young,Female,Rent,Single,Far,12900,1,Low,167
Middle,Male,Rent,Married,Close,117700,1,High,2104
Middle,Female,Own,Married,Close,64100,1,Medium,1332
Middle,Female,Rent,Single,Close,46500,1,Medium,829
Young,Female,Rent,Single,Close,12400,1,NA,229
Middle,Male,Own,Married,Far,130600,0,High,3442
Middle,Male,Own,Married,Far,74400,0,High,1893
Old,Female,Own,Single,Far,40600,2,Medium,690
Young,Female,Rent,Married,Close,54200,1,Medium,486
Middle,Male,Own,Single,Far,65400,1,High,2290
Middle,Male,Rent,Single,Close,49100,0,NA,934
Young,Female,Rent,Single,Close,10600,2,NA,517
Young,Female,Rent,Married,Close,76400,0,NA,2216
Middle,Female,Rent,Married,Close,93700,1,High,1521
Middle,Male,Rent,Single,Far,49000,0,High,1523
Middle,Female,Own,Married,Close,96500,1,High,1364
Middle,Male,Own,Single,Close,55600,0,NA,952
Middle,Male,Own,Married,Close,99600,1,High,871
Middle,Female,Own,Married,Close,79900,3,Low,295
Old,Female,Rent,Married,Close,50500,0,Medium,642
Old,Female,Own,Single,Far,16300,0,Low,317
Old,Female,Own,Married,Close,49200,0,Medium,1078
Middle,Male,Own,Single,Far,48100,2,Medium,961
Middle,Male,Own,Single,Far,61300,2,High,1241
Middle,Female,Own,Married,Close,72600,1,NA,1999
Young,Male,Rent,Single,Far,19500,0,NA,571
Young,Female,Rent,Single,Close,17200,1,NA,329
Middle,Male,Rent,Single,Far,51100,0,High,1984
Middle,Male,Own,Single,Close,76800,1,Medium,1061
Middle,Male,Own,Single,Far,60200,0,High,1955
Middle,Male,Rent,Single,Close,59100,2,Low,580
Old,Female,Own,Single,Close,32500,0,Medium,883
Middle,Female,Rent,Single,Far,49500,2,Medium,1195
Middle,Male,Own,Married,Close,109600,1,High,2318
Young,Female,Rent,Married,Close,47300,0,NA,640
Middle,Male,Rent,Married,Close,93000,1,High,2644
Young,Female,Own,Single,Far,32000,1,NA,1320
Young,Female,Own,Single,Close,44700,1,Medium,502
Old,Female,Own,Married,Close,69400,0,High,2419
Middle,Male,Own,Married,Close,64300,2,Medium,661
Middle,Male,Own,Single,Far,75400,0,High,2723
Middle,Male,Own,Married,Close,96100,0,High,1588
Old,Female,Own,Married,Close,118000,3,Low,581
Young,Male,Rent,Married,Close,69700,1,Medium,1432
Old,Male,Own,Single,Close,59300,0,Medium,929
Middle,Female,Rent,Married,Close,88600,3,Low,212
Middle,Male,Own,Married,Close,102600,0,High,2546
Middle,Male,Rent,Single,Close,43700,0,NA,1344
Old,Female,Own,Married,Close,22400,0,NA,947
Middle,Male,Rent,Married,Far,70500,1,NA,2145
Middle,Male,Own,Married,Close,54200,1,Medium,757
Middle,Female,Own,Single,Far,25300,1,NA,451
Old,Male,Own,Married,Close,116100,1,High,2975
Young,Female,Rent,Single,Close,15900,0,NA,406
Middle,Female,Own,Single,Close,46600,3,Low,158
Young,Male,Own,Single,Close,23200,0,NA,534
Young,Male,Rent,Single,Close,18200,0,Low,401
Middle,Female,Own,Married,Close,82700,1,High,1753
Young,Female,Rent,Single,Close,17000,0,Low,659
Middle,Male,Own,Married,Close,83000,2,Medium,726
Young,Female,Own,Married,Close,42400,1,NA,1166
Old,Male,Own,Single,Close,40200,2,NA,1197
Young,Female,Rent,Single,Far,17300,0,Low,411
Middle,Female,Own,Married,Close,109800,1,High,2258
Middle,Female,Own,Single,Far,64400,3,Medium,1913
Young,Female,Rent,Single,Far,27600,1,Medium,893
Young,Female,Rent,Single,Close,25100,1,NA,421
Middle,Female,Own,Single,Close,46300,3,NA,1138
Old,Female,Own,Married,Far,74900,0,NA,1804
Middle,Male,Own,Single,Close,67900,0,High,1418
Middle,Male,Rent,Married,Close,88500,2,Medium,1104
Middle,Male,Own,Married,Close,99200,3,NA,2796
Old,Female,Own,Married,Close,62800,0,High,1403
Old,Male,Own,Married,Far,76900,2,High,3230
Middle,Male,Own,Married,Close,84100,3,NA,1352
Old,Female,Own,Married,Close,77600,0,High,2004
Young,Female,Rent,Single,Close,19100,1,Low,403
Old,Female,Own,Married,Far,128700,0,High,3995
Young,Female,Rent,Single,Far,14400,1,Low,390
Old,Male,Rent,Married,Close,49600,0,Medium,770
Middle,Female,Rent,Single,Close,47000,0,NA,963
Young,Female,Rent,Married,Close,36600,0,Medium,833
Middle,Female,Own,Single,Close,65800,1,Medium,869
Middle,Male,Rent,Married,Far,52800,2,Medium,926
Middle,Male,Own,Married,Close,96500,0,High,3780
Middle,Female,Rent,Married,Close,63500,1,Medium,1023
Middle,Male,Rent,Single,Close,60400,1,Medium,791
Middle,Male,Own,Married,Close,102700,3,NA,1473
Middle,Male,Own,Married,Close,100100,2,NA,1597
Middle,Male,Rent,Single,Close,54400,0,Medium,1150
Middle,Male,Rent,Married,Close,105600,3,Low,304
Old,Female,Own,Married,Far,57900,0,High,1693
Young,Male,Own,Single,Close,31500,3,Low,269
Middle,Female,Rent,Married,Far,60100,1,High,1430
Middle,Male,Rent,Married,Close,87400,2,NA,2729
Middle,Male,Own,Married,Close,117900,0,High,1760
Middle,Male,Own,Single,Close,48800,1,Medium,1271
Middle,Female,Own,Married,Close,67900,3,Low,356
Old,Male,Rent,Married,Far,66200,0,NA,1024
Middle,Male,Rent,Married,Close,88000,2,Medium,524
Middle,Male,Rent,Married,Close,94200,1,High,1211
Young,Female,Rent,Single,Close,29200,3,NA,636
Young,Male,Rent,Single,Far,15300,0,Low,645
Young,Male,Rent,Single,Far,17500,0,Low,472
Old,Male,Own,Married,Close,168800,0,High,1512
Middle,Male,Rent,Single,Far,40200,0,High,1634
Young,Male,Rent,Single,Close,28400,3,Low,182
Middle,Male,Rent,Married,Far,72200,3,Medium,1042
Middle,Female,Own,Single,Far,55200,0,High,1714
Middle,Female,Rent,Single,Close,44600,0,Medium,966
Middle,Male,Own,Single,Close,58400,0,Medium,829
Middle,Female,Own,Single,Close,67800,1,Medium,680
Old,Female,Own,Single,Close,25500,0,Low,636
Young,Female,Rent,Single,Far,20000,3,Low,182
Middle,Male,Rent,Single,Far,52600,1,NA,1773
Middle,Male,Rent,Married,Far,97600,1,NA,2902
Old,Male,Own,Married,Close,23400,0,Low,348
Middle,Female,Own,Married,Close,102500,3,Low,548
Middle,Female,Own,Married,Far,52300,1,High,2034
Middle,Male,Rent,Single,Far,65400,0,High,2296
Young,Male,Rent,Single,Close,19600,0,Low,395
Old,Male,Own,Married,Far,37000,0,Medium,850
Young,Female,Rent,Single,Far,13200,0,NA,512
Middle,Male,Rent,Single,Close,63800,1,Medium,1622
Old,Female,Rent,Single,Far,22600,0,NA,865
Old,Female,Own,Single,Close,37300,0,Medium,673
Young,Male,Rent,Single,Far,14900,1,NA,422
Middle,Female,Own,Single,Close,36700,1,NA,529
Middle,Male,Own,Single,Close,63200,0,High,1932
Old,Male,Own,Married,Close,77300,0,High,1853
Middle,Male,Rent,Single,Close,43100,1,NA,1224
Middle,Female,Rent,Single,Far,44800,1,Medium,666
Old,Female,Rent,Married,Close,70900,0,High,1685
Middle,Female,Rent,Single,Far,38200,0,Medium,1476
Young,Female,Rent,Single,Far,18400,1,Low,319
Middle,Female,Rent,Single,Close,40700,3,Low,232
Old,Male,Own,Single,Close,71300,0,High,1543
Middle,Female,Rent,Single,Close,36400,2,Low,506
Young,Male,Rent,Single,Close,15400,0,Low,172
Middle,Male,Own,Single,Far,39100,1,Medium,1001
Middle,Male,Rent,Single,Close,43800,0,Medium,606
Young,Male,Rent,Single,Far,25300,0,Medium,591
Old,Male,Rent,Married,Close,71800,0,High,1389
Middle,Male,Own,Single,Close,73200,0,High,2177
Middle,Male,Own,Married,Far,79000,1,High,2279
Middle,Female,Rent,Married,Close,75200,1,NA,2702
Young,Female,Rent,Single,Close,25300,3,NA,510
Old,Female,Own,Married,Close,43600,0,Medium,1047
Middle,Male,Own,Married,Close,83600,2,Medium,538
Middle,Female,Own,Single,Far,56200,0,High,1546
Young,Male,Rent,Married,Close,45500,0,Medium,754
Middle,Male,Own,Married,Close,99300,1,High,1504
Middle,Male,Own,Married,Far,108000,3,High,1849
Middle,Female,Own,Married,Far,84900,1,High,3072
Middle,Male,Own,Married,Far,93000,3,High,1046
Middle,Female,Own,Married,Close,82000,0,High,1800
Old,Female,Own,Single,Close,33000,3,NA,700
Middle,Female,Own,Single,Close,36900,2,Low,514
Middle,Female,Rent,Single,Close,33200,1,NA,320
Young,Male,Rent,Married,Close,49300,0,NA,1692
Old,Male,Rent,Married,Far,66200,0,High,2057
Middle,Male,Own,Married,Far,96800,2,High,2299
Old,Male,Own,Single,Close,63200,0,High,1507
Old,Male,Own,Married,Far,112900,0,High,6217
Middle,Female,Rent,Single,Close,32100,2,Low,405
Middle,Male,Own,Married,Far,102700,1,High,3785
Middle,Male,Own,Married,Close,123800,2,NA,3537
Old,Female,Rent,Single,Far,11700,0,Low,540
Middle,Male,Own,Married,Close,101700,1,NA,941
Middle,Female,Own,Married,Far,99200,0,High,5503
Young,Male,Rent,Single,Close,17600,0,NA,273
Young,Female,Rent,Single,Close,19400,1,NA,384
Middle,Male,Rent,Single,Far,40500,1,NA,1073
Old,Male,Own,Single,Close,44800,0,Medium,1417
Middle,Male,Own,Married,Close,79000,2,Medium,671
Young,Male,Rent,Married,Close,53600,1,Medium,973
